shift,avg_pick_rate,avg_accuracy_pct,total_orders
AM,62.566135217305295,95.76717738846695,13036
Night,63.216340759725256,95.9313818378945,13413
PM,62.3865506376893,95.04557540674999,13576
